{
    "full_text_aggregation": 0.3253725258089741,
    "min_first_second_aggregation": 0.28618246682497284
}