{
    "full_text_aggregation": 0.3270684426275043,
    "min_first_second_aggregation": 0.27248437878296855
}